price_accounting,department,stock_count,location,final_id,match_type
414.68,Tools,94.0,Bin-147,1447.0,Fully Synchronized
448.38,Elec,45.0,Bin-643,1456.0,Fully Synchronized
235.72,Tools,2.0,Bin-674,1861.0,Fully Synchronized
204.48,Garden,62.0,Bin-934,1798.0,Fully Synchronized
400.02,Elec,81.0,Bin-396,1898.0,Fully Synchronized
472.09,Garden,9.0,Bin-590,1509.0,Fully Synchronized
147.15,Elec,6.0,Bin-821,1285.0,Fully Synchronized
270.41,Garden,61.0,Bin-219,1123.0,Fully Synchronized
93.24,Elec,73.0,Bin-286,1800.0,Fully Synchronized
366.49,Garden,28.0,Bin-120,1738.0,Fully Synchronized
218.45,Tools,5.0,Bin-238,1937.0,Fully Synchronized
146.73,Elec,6.0,Bin-560,1454.0,Fully Synchronized
289.32,Tools,29.0,Bin-455,1598.0,Fully Synchronized
57.23,Tools,47.0,Bin-843,1589.0,Fully Synchronized
350.83,Elec,69.0,Bin-548,1497.0,Fully Synchronized
467.17,Tools,,,1792.0,"In Accounting, Missing from WMS"
152.35,Elec,49.0,Bin-369,1177.0,Fully Synchronized
354.93,Hardware,18.0,Bin-690,1375.0,Fully Synchronized
192.88,Tools,76.0,Bin-809,1315.0,Fully Synchronized
255.82,Hardware,99.0,Bin-160,1649.0,Fully Synchronized
160.31,Tools,6.0,Bin-675,1321.0,Fully Synchronized
166.39,Elec,61.0,Bin-318,1170.0,Fully Synchronized
368.77,Garden,22.0,Bin-51,1763.0,Fully Synchronized
306.37,Garden,39.0,Bin-107,1980.0,Fully Synchronized
48.53,Hardware,,,1645.0,"In Accounting, Missing from WMS"
286.49,Elec,,,1681.0,"In Accounting, Missing from WMS"
95.49,Elec,9.0,Bin-601,1700.0,Fully Synchronized
323.93,Tools,44.0,Bin-247,1500.0,Fully Synchronized
201.85,Tools,63.0,Bin-370,1184.0,Fully Synchronized
153.36,Elec,94.0,Bin-692,1086.0,Fully Synchronized
313.63,Garden,25.0,Bin-152,1897.0,Fully Synchronized
146.71,Garden,45.0,Bin-565,1950.0,Fully Synchronized
440.91,Tools,83.0,Bin-193,1265.0,Fully Synchronized
107.17,Garden,86.0,Bin-123,1151.0,Fully Synchronized
28.01,Tools,36.0,Bin-131,1519.0,Fully Synchronized
377.06,Garden,26.0,Bin-777,1570.0,Fully Synchronized
17.77,Hardware,56.0,Bin-710,1505.0,Fully Synchronized
240.12,Tools,65.0,Bin-63,1504.0,Fully Synchronized
277.09,Garden,50.0,Bin-841,1277.0,Fully Synchronized
192.17,Tools,67.0,Bin-680,1012.0,Fully Synchronized
303.12,Hardware,15.0,Bin-357,1708.0,Fully Synchronized
386.2,Hardware,27.0,Bin-39,1544.0,Fully Synchronized
192.75,Hardware,66.0,Bin-588,1634.0,Fully Synchronized
474.94,Hardware,27.0,Bin-392,1425.0,Fully Synchronized
65.62,Garden,33.0,Bin-766,1287.0,Fully Synchronized
439.17,Hardware,49.0,Bin-941,1607.0,Fully Synchronized
307.21,Hardware,97.0,Bin-223,1292.0,Fully Synchronized
132.44,Elec,3.0,Bin-265,1033.0,Fully Synchronized
296.5,Hardware,84.0,Bin-659,1152.0,Fully Synchronized
357.83,Garden,45.0,Bin-144,1939.0,Fully Synchronized
408.61,Tools,69.0,Bin-220,1795.0,Fully Synchronized
486.88,Elec,18.0,Bin-605,1336.0,Fully Synchronized
413.06,Tools,69.0,Bin-413,1009.0,Fully Synchronized
420.74,Tools,28.0,Bin-362,1790.0,Fully Synchronized
342.69,Garden,76.0,Bin-277,1533.0,Fully Synchronized
311.57,Elec,,,1241.0,"In Accounting, Missing from WMS"
364.7,Tools,23.0,Bin-811,1887.0,Fully Synchronized
476.84,Tools,57.0,Bin-187,1488.0,Fully Synchronized
143.81,Hardware,4.0,Bin-140,1983.0,Fully Synchronized
441.54,Tools,,,1974.0,"In Accounting, Missing from WMS"
371.7,Garden,72.0,Bin-696,1534.0,Fully Synchronized
98.04,Garden,27.0,Bin-1,1405.0,Fully Synchronized
358.4,Hardware,55.0,Bin-208,1678.0,Fully Synchronized
66.78,Hardware,76.0,Bin-778,1396.0,Fully Synchronized
121.0,Elec,3.0,Bin-830,1514.0,Fully Synchronized
13.72,Garden,94.0,Bin-114,1445.0,Fully Synchronized
400.61,Tools,44.0,Bin-231,1600.0,Fully Synchronized
106.1,Hardware,86.0,Bin-884,1899.0,Fully Synchronized
130.79,Elec,14.0,Bin-419,1633.0,Fully Synchronized
379.92,Elec,19.0,Bin-390,1186.0,Fully Synchronized
183.31,Hardware,98.0,Bin-546,1409.0,Fully Synchronized
289.6,Garden,13.0,Bin-488,1535.0,Fully Synchronized
51.59,Elec,82.0,Bin-740,1441.0,Fully Synchronized
455.07,Elec,,,1021.0,"In Accounting, Missing from WMS"
188.9,Elec,81.0,Bin-727,1856.0,Fully Synchronized
46.87,Tools,81.0,Bin-864,1608.0,Fully Synchronized
62.82,Elec,89.0,Bin-101,1517.0,Fully Synchronized
67.84,Elec,93.0,Bin-256,1836.0,Fully Synchronized
475.81,Elec,82.0,Bin-394,1251.0,Fully Synchronized
123.64,Tools,21.0,Bin-510,1529.0,Fully Synchronized
363.62,Garden,30.0,Bin-361,1234.0,Fully Synchronized
119.54,Tools,53.0,Bin-110,1131.0,Fully Synchronized
498.72,Tools,84.0,Bin-609,1869.0,Fully Synchronized
164.81,Hardware,52.0,Bin-814,1273.0,Fully Synchronized
240.51,Garden,12.0,Bin-451,1262.0,Fully Synchronized
481.44,Tools,91.0,Bin-579,1626.0,Fully Synchronized
305.42,Hardware,19.0,Bin-218,1316.0,Fully Synchronized
275.74,Hardware,61.0,Bin-882,1846.0,Fully Synchronized
239.38,Elec,49.0,Bin-52,1114.0,Fully Synchronized
29.35,Hardware,89.0,Bin-664,1930.0,Fully Synchronized
389.31,Elec,21.0,Bin-241,1361.0,Fully Synchronized
471.11,Garden,88.0,Bin-670,1910.0,Fully Synchronized
301.89,Elec,31.0,Bin-352,1129.0,Fully Synchronized
52.4,Hardware,79.0,Bin-926,1479.0,Fully Synchronized
84.39,Tools,47.0,Bin-41,1062.0,Fully Synchronized
24.71,Elec,31.0,Bin-261,1676.0,Fully Synchronized
359.22,Tools,89.0,Bin-432,1575.0,Fully Synchronized
155.8,Hardware,8.0,Bin-698,1555.0,Fully Synchronized
426.34,Hardware,43.0,Bin-802,1783.0,Fully Synchronized
214.42,Garden,32.0,Bin-516,1158.0,Fully Synchronized
478.56,Elec,61.0,Bin-526,1146.0,Fully Synchronized
405.68,Elec,91.0,Bin-482,1750.0,Fully Synchronized
89.85,Hardware,1.0,Bin-596,1931.0,Fully Synchronized
42.71,Hardware,70.0,Bin-139,1187.0,Fully Synchronized
265.76,Elec,57.0,Bin-602,1530.0,Fully Synchronized
115.44,Garden,23.0,Bin-634,1854.0,Fully Synchronized
416.4,Elec,49.0,Bin-774,1871.0,Fully Synchronized
82.05,Elec,30.0,Bin-476,1077.0,Fully Synchronized
409.23,Hardware,13.0,Bin-832,1212.0,Fully Synchronized
256.71,Elec,11.0,Bin-706,1628.0,Fully Synchronized
118.22,Garden,98.0,Bin-141,1165.0,Fully Synchronized
421.44,Tools,9.0,Bin-825,1809.0,Fully Synchronized
340.47,Elec,88.0,Bin-474,1437.0,Fully Synchronized
148.98,Hardware,35.0,Bin-906,1751.0,Fully Synchronized
182.09,Garden,7.0,Bin-418,1617.0,Fully Synchronized
401.05,Hardware,1.0,Bin-908,1972.0,Fully Synchronized
153.59,Hardware,52.0,Bin-269,1341.0,Fully Synchronized
11.66,Tools,37.0,Bin-924,1149.0,Fully Synchronized
16.3,Garden,47.0,Bin-524,1403.0,Fully Synchronized
422.64,Elec,7.0,Bin-796,1094.0,Fully Synchronized
224.58,Tools,5.0,Bin-378,1665.0,Fully Synchronized
25.04,Garden,75.0,Bin-175,1873.0,Fully Synchronized
224.95,Hardware,87.0,Bin-859,1536.0,Fully Synchronized
299.49,Tools,88.0,Bin-235,1888.0,Fully Synchronized
498.44,Hardware,40.0,Bin-735,1400.0,Fully Synchronized
422.77,Tools,8.0,Bin-180,1055.0,Fully Synchronized
427.74,Elec,29.0,Bin-121,1737.0,Fully Synchronized
284.6,Hardware,63.0,Bin-815,1886.0,Fully Synchronized
38.2,Elec,96.0,Bin-403,1912.0,Fully Synchronized
60.32,Hardware,,,1934.0,"In Accounting, Missing from WMS"
179.43,Elec,9.0,Bin-388,1985.0,Fully Synchronized
446.52,Tools,32.0,Bin-946,1671.0,Fully Synchronized
409.34,Garden,18.0,Bin-386,1618.0,Fully Synchronized
341.7,Elec,83.0,Bin-721,1401.0,Fully Synchronized
105.99,Elec,67.0,Bin-60,1440.0,Fully Synchronized
396.95,Elec,56.0,Bin-335,1343.0,Fully Synchronized
339.62,Hardware,84.0,Bin-470,1294.0,Fully Synchronized
168.27,Hardware,2.0,Bin-874,1303.0,Fully Synchronized
344.68,Garden,,,1137.0,"In Accounting, Missing from WMS"
117.89,Tools,71.0,Bin-682,1960.0,Fully Synchronized
22.12,Hardware,62.0,Bin-709,1653.0,Fully Synchronized
396.9,Garden,75.0,Bin-273,1955.0,Fully Synchronized
200.86,Elec,37.0,Bin-276,1967.0,Fully Synchronized
181.94,Tools,9.0,Bin-234,1496.0,Fully Synchronized
364.6,Garden,7.0,Bin-837,1765.0,Fully Synchronized
374.34,Tools,63.0,Bin-679,1723.0,Fully Synchronized
300.57,Garden,71.0,Bin-94,1319.0,Fully Synchronized
164.95,Tools,58.0,Bin-466,1786.0,Fully Synchronized
20.5,Elec,41.0,Bin-72,1461.0,Fully Synchronized
466.33,Elec,38.0,Bin-715,1719.0,Fully Synchronized
261.27,Hardware,10.0,Bin-807,1069.0,Fully Synchronized
387.56,Hardware,19.0,Bin-768,1018.0,Fully Synchronized
34.93,Hardware,,,1606.0,"In Accounting, Missing from WMS"
221.78,Elec,99.0,Bin-936,1347.0,Fully Synchronized
343.28,Garden,44.0,Bin-462,1097.0,Fully Synchronized
174.46,Garden,58.0,Bin-902,1571.0,Fully Synchronized
385.02,Tools,68.0,Bin-636,1874.0,Fully Synchronized
473.48,Tools,48.0,Bin-613,1007.0,Fully Synchronized
386.44,Hardware,14.0,Bin-518,1727.0,Fully Synchronized
443.73,Elec,93.0,Bin-656,1828.0,Fully Synchronized
340.52,Hardware,29.0,Bin-69,1957.0,Fully Synchronized
134.71,Elec,60.0,Bin-632,1128.0,Fully Synchronized
74.56,Elec,,,1220.0,"In Accounting, Missing from WMS"
269.27,Hardware,57.0,Bin-650,1521.0,Fully Synchronized
335.42,Garden,19.0,Bin-5,1531.0,Fully Synchronized
122.04,Garden,12.0,Bin-866,1486.0,Fully Synchronized
362.28,Garden,61.0,Bin-629,1348.0,Fully Synchronized
290.52,Hardware,47.0,Bin-389,1908.0,Fully Synchronized
284.67,Tools,30.0,Bin-293,1180.0,Fully Synchronized
170.35,Garden,73.0,Bin-503,1635.0,Fully Synchronized
402.94,Tools,83.0,Bin-290,1881.0,Fully Synchronized
236.77,Elec,79.0,Bin-769,1162.0,Fully Synchronized
311.01,Hardware,87.0,Bin-627,1597.0,Fully Synchronized
430.3,Hardware,56.0,Bin-583,1104.0,Fully Synchronized
316.34,Hardware,12.0,Bin-227,1948.0,Fully Synchronized
405.74,Elec,46.0,Bin-905,1314.0,Fully Synchronized
210.03,Tools,80.0,Bin-589,1091.0,Fully Synchronized
100.38,Garden,51.0,Bin-592,1885.0,Fully Synchronized
220.77,Tools,27.0,Bin-65,1844.0,Fully Synchronized
175.16,Garden,83.0,Bin-166,1485.0,Fully Synchronized
186.21,Hardware,28.0,Bin-299,1041.0,Fully Synchronized
220.57,Garden,84.0,Bin-303,1827.0,Fully Synchronized
289.27,Elec,27.0,Bin-124,1808.0,Fully Synchronized
207.3,Elec,19.0,Bin-86,1203.0,Fully Synchronized
85.51,Elec,37.0,Bin-356,1867.0,Fully Synchronized
310.71,Elec,,,1796.0,"In Accounting, Missing from WMS"
49.9,Elec,2.0,Bin-417,1788.0,Fully Synchronized
156.42,Garden,21.0,Bin-575,1550.0,Fully Synchronized
224.97,Tools,41.0,Bin-536,1419.0,Fully Synchronized
134.84,Elec,96.0,Bin-399,1139.0,Fully Synchronized
28.44,Tools,40.0,Bin-58,1356.0,Fully Synchronized
280.32,Elec,87.0,Bin-37,1843.0,Fully Synchronized
20.01,Garden,81.0,Bin-644,1420.0,Fully Synchronized
331.56,Garden,67.0,Bin-577,1207.0,Fully Synchronized
100.26,Garden,,,1593.0,"In Accounting, Missing from WMS"
376.23,Tools,89.0,Bin-461,1084.0,Fully Synchronized
20.07,Garden,74.0,Bin-507,1958.0,Fully Synchronized
17.98,Hardware,21.0,Bin-165,1605.0,Fully Synchronized
474.47,Garden,61.0,Bin-429,1970.0,Fully Synchronized
147.09,Tools,,,1225.0,"In Accounting, Missing from WMS"
445.36,Hardware,75.0,Bin-749,1545.0,Fully Synchronized
280.6,Garden,48.0,Bin-711,1703.0,Fully Synchronized
173.42,Garden,92.0,Bin-543,1559.0,Fully Synchronized
408.62,Garden,84.0,Bin-540,1961.0,Fully Synchronized
421.01,Hardware,88.0,Bin-401,1646.0,Fully Synchronized
363.87,Tools,63.0,Bin-737,1662.0,Fully Synchronized
56.11,Tools,24.0,Bin-183,1892.0,Fully Synchronized
345.25,Elec,94.0,Bin-917,1402.0,Fully Synchronized
37.84,Garden,84.0,Bin-877,1964.0,Fully Synchronized
472.74,Garden,56.0,Bin-611,1438.0,Fully Synchronized
404.63,Elec,62.0,Bin-893,1922.0,Fully Synchronized
431.94,Elec,53.0,Bin-513,1311.0,Fully Synchronized
166.85,Elec,75.0,Bin-620,1095.0,Fully Synchronized
317.45,Elec,55.0,Bin-534,1296.0,Fully Synchronized
62.31,Tools,3.0,Bin-641,1893.0,Fully Synchronized
478.97,Elec,82.0,Bin-295,1624.0,Fully Synchronized
282.13,Elec,78.0,Bin-521,1354.0,Fully Synchronized
219.08,Garden,85.0,Bin-226,1630.0,Fully Synchronized
414.27,Garden,54.0,Bin-685,1614.0,Fully Synchronized
89.17,Hardware,71.0,Bin-368,1650.0,Fully Synchronized
109.67,Elec,4.0,Bin-875,1943.0,Fully Synchronized
56.84,Elec,34.0,Bin-137,1473.0,Fully Synchronized
381.62,Tools,,,1658.0,"In Accounting, Missing from WMS"
440.02,Elec,62.0,Bin-530,1280.0,Fully Synchronized
346.72,Elec,66.0,Bin-198,1428.0,Fully Synchronized
100.19,Tools,68.0,Bin-779,1558.0,Fully Synchronized
349.63,Elec,92.0,Bin-25,1359.0,Fully Synchronized
438.07,Hardware,40.0,Bin-307,1052.0,Fully Synchronized
270.87,Hardware,16.0,Bin-324,1442.0,Fully Synchronized
124.82,Hardware,36.0,Bin-754,1028.0,Fully Synchronized
222.79,Elec,24.0,Bin-38,1583.0,Fully Synchronized
159.38,Tools,77.0,Bin-111,1978.0,Fully Synchronized
175.59,Tools,80.0,Bin-600,1882.0,Fully Synchronized
22.53,Elec,41.0,Bin-329,1580.0,Fully Synchronized
329.05,Garden,13.0,Bin-30,1004.0,Fully Synchronized
495.63,Garden,85.0,Bin-772,1947.0,Fully Synchronized
432.03,Hardware,96.0,Bin-545,1424.0,Fully Synchronized
238.75,Garden,2.0,Bin-559,1057.0,Fully Synchronized
152.81,Garden,72.0,Bin-784,1759.0,Fully Synchronized
157.3,Garden,70.0,Bin-658,1453.0,Fully Synchronized
473.31,Tools,70.0,Bin-538,1358.0,Fully Synchronized
431.31,Garden,54.0,Bin-776,1460.0,Fully Synchronized
117.23,Garden,77.0,Bin-688,1811.0,Fully Synchronized
108.64,Elec,91.0,Bin-836,1760.0,Fully Synchronized
373.18,Garden,24.0,Bin-365,1283.0,Fully Synchronized
83.93,Elec,99.0,Bin-90,1127.0,Fully Synchronized
227.32,Hardware,23.0,Bin-712,1896.0,Fully Synchronized
304.74,Hardware,87.0,Bin-919,1192.0,Fully Synchronized
325.01,Tools,74.0,Bin-40,1020.0,Fully Synchronized
96.37,Garden,39.0,Bin-869,1462.0,Fully Synchronized
233.87,Tools,20.0,Bin-95,1436.0,Fully Synchronized
72.98,Hardware,0.0,Bin-846,1548.0,Fully Synchronized
187.79,Hardware,4.0,Bin-501,1590.0,Fully Synchronized
70.1,Hardware,30.0,Bin-306,1331.0,Fully Synchronized
486.5,Garden,93.0,Bin-666,1414.0,Fully Synchronized
389.52,Garden,17.0,Bin-427,1518.0,Fully Synchronized
49.91,Tools,41.0,Bin-31,1850.0,Fully Synchronized
246.85,Elec,45.0,Bin-887,1350.0,Fully Synchronized
231.77,Elec,27.0,Bin-561,1717.0,Fully Synchronized
380.4,Hardware,65.0,Bin-233,1250.0,Fully Synchronized
264.78,Hardware,2.0,Bin-935,1449.0,Fully Synchronized
86.01,Tools,56.0,Bin-704,1275.0,Fully Synchronized
28.38,Hardware,,,1459.0,"In Accounting, Missing from WMS"
399.91,Garden,90.0,Bin-556,1136.0,Fully Synchronized
438.66,Elec,87.0,Bin-639,1707.0,Fully Synchronized
49.92,Hardware,58.0,Bin-701,1640.0,Fully Synchronized
190.91,Elec,85.0,Bin-868,1767.0,Fully Synchronized
19.97,Hardware,82.0,Bin-790,1566.0,Fully Synchronized
82.38,Garden,75.0,Bin-509,1083.0,Fully Synchronized
185.32,Garden,44.0,Bin-883,1995.0,Fully Synchronized
499.97,Tools,80.0,Bin-803,1864.0,Fully Synchronized
388.79,Garden,28.0,Bin-83,1179.0,Fully Synchronized
88.86,Tools,39.0,Bin-695,1289.0,Fully Synchronized
162.98,Hardware,84.0,Bin-169,1677.0,Fully Synchronized
230.1,Tools,64.0,Bin-402,1592.0,Fully Synchronized
365.23,Tools,85.0,Bin-947,1822.0,Fully Synchronized
235.44,Elec,31.0,Bin-391,1349.0,Fully Synchronized
264.38,Tools,45.0,Bin-885,1604.0,Fully Synchronized
310.52,Garden,50.0,Bin-916,1669.0,Fully Synchronized
368.52,Garden,18.0,Bin-195,1691.0,Fully Synchronized
402.55,Garden,,,1641.0,"In Accounting, Missing from WMS"
71.55,Hardware,21.0,Bin-890,1493.0,Fully Synchronized
164.2,Elec,82.0,Bin-242,1122.0,Fully Synchronized
204.45,Hardware,85.0,Bin-400,1744.0,Fully Synchronized
267.89,Elec,5.0,Bin-85,1564.0,Fully Synchronized
494.41,Garden,33.0,Bin-817,1342.0,Fully Synchronized
273.48,Tools,55.0,Bin-942,1552.0,Fully Synchronized
198.67,Tools,73.0,Bin-753,1594.0,Fully Synchronized
33.99,Hardware,51.0,Bin-371,1457.0,Fully Synchronized
211.51,Elec,1.0,Bin-410,1444.0,Fully Synchronized
16.74,Garden,18.0,Bin-199,1823.0,Fully Synchronized
459.37,Garden,96.0,Bin-597,1510.0,Fully Synchronized
13.7,Elec,58.0,Bin-18,1168.0,Fully Synchronized
333.01,Tools,96.0,Bin-73,1291.0,Fully Synchronized
417.94,Hardware,4.0,Bin-334,1511.0,Fully Synchronized
480.09,Elec,1.0,Bin-128,1387.0,Fully Synchronized
454.69,Hardware,41.0,Bin-15,1890.0,Fully Synchronized
195.42,Garden,56.0,Bin-587,1138.0,Fully Synchronized
419.97,Garden,13.0,Bin-855,1370.0,Fully Synchronized
431.5,Tools,47.0,Bin-213,1522.0,Fully Synchronized
292.67,Hardware,71.0,Bin-204,1051.0,Fully Synchronized
90.33,Garden,92.0,Bin-861,1839.0,Fully Synchronized
165.77,Garden,23.0,Bin-471,1507.0,Fully Synchronized
153.22,Garden,32.0,Bin-61,1563.0,Fully Synchronized
362.56,Elec,19.0,Bin-342,1992.0,Fully Synchronized
61.84,Hardware,59.0,Bin-345,1697.0,Fully Synchronized
83.05,Tools,13.0,Bin-867,1817.0,Fully Synchronized
492.44,Tools,49.0,Bin-745,1785.0,Fully Synchronized
176.84,Elec,33.0,Bin-82,1863.0,Fully Synchronized
224.55,Tools,65.0,Bin-344,1732.0,Fully Synchronized
110.53,Garden,31.0,Bin-350,1761.0,Fully Synchronized
67.33,Elec,47.0,Bin-625,1099.0,Fully Synchronized
314.75,Hardware,71.0,Bin-440,1532.0,Fully Synchronized
197.73,Garden,63.0,Bin-645,1481.0,Fully Synchronized
20.74,Elec,30.0,Bin-900,1574.0,Fully Synchronized
277.4,Tools,64.0,Bin-477,1019.0,Fully Synchronized
35.92,Garden,36.0,Bin-132,1915.0,Fully Synchronized
342.56,Garden,95.0,Bin-262,1339.0,Fully Synchronized
454.13,Elec,65.0,Bin-447,1323.0,Fully Synchronized
193.42,Garden,,,1840.0,"In Accounting, Missing from WMS"
24.53,Elec,51.0,Bin-689,1001.0,Fully Synchronized
221.34,Garden,77.0,Bin-610,1297.0,Fully Synchronized
387.91,Elec,74.0,Bin-481,1735.0,Fully Synchronized
450.31,Garden,94.0,Bin-606,1307.0,Fully Synchronized
116.97,Elec,67.0,Bin-348,1663.0,Fully Synchronized
19.99,Hardware,71.0,Bin-77,1286.0,Fully Synchronized
344.52,Elec,73.0,Bin-209,1758.0,Fully Synchronized
166.96,Elec,80.0,Bin-614,1945.0,Fully Synchronized
217.23,Tools,84.0,Bin-162,1085.0,Fully Synchronized
416.01,Tools,97.0,Bin-56,1216.0,Fully Synchronized
482.61,Tools,72.0,Bin-797,1821.0,Fully Synchronized
83.5,Tools,23.0,Bin-96,1720.0,Fully Synchronized
467.26,Elec,49.0,Bin-55,1362.0,Fully Synchronized
482.14,Elec,23.0,Bin-157,1498.0,Fully Synchronized
292.68,Garden,99.0,Bin-117,1398.0,Fully Synchronized
186.2,Hardware,8.0,Bin-897,1914.0,Fully Synchronized
16.94,Elec,22.0,Bin-232,1399.0,Fully Synchronized
207.91,Elec,60.0,Bin-443,1477.0,Fully Synchronized
227.78,Garden,42.0,Bin-87,1929.0,Fully Synchronized
298.26,Tools,69.0,Bin-216,1135.0,Fully Synchronized
212.66,Elec,24.0,Bin-593,1368.0,Fully Synchronized
229.52,Hardware,22.0,Bin-795,1327.0,Fully Synchronized
391.22,Hardware,78.0,Bin-563,1865.0,Fully Synchronized
323.24,Hardware,14.0,Bin-149,1463.0,Fully Synchronized
30.86,Garden,39.0,Bin-615,1271.0,Fully Synchronized
319.18,Hardware,20.0,Bin-22,1954.0,Fully Synchronized
36.84,Hardware,81.0,Bin-278,1587.0,Fully Synchronized
131.39,Tools,50.0,Bin-178,1056.0,Fully Synchronized
54.39,Tools,10.0,Bin-154,1108.0,Fully Synchronized
238.36,Elec,10.0,Bin-328,1802.0,Fully Synchronized
454.44,Tools,,,1201.0,"In Accounting, Missing from WMS"
314.11,Garden,94.0,Bin-408,1010.0,Fully Synchronized
145.56,Elec,78.0,Bin-322,1982.0,Fully Synchronized
335.41,Elec,77.0,Bin-425,1613.0,Fully Synchronized
340.85,Garden,64.0,Bin-785,1920.0,Fully Synchronized
179.28,Elec,,,1818.0,"In Accounting, Missing from WMS"
312.35,Elec,11.0,Bin-203,1780.0,Fully Synchronized
481.19,Garden,14.0,Bin-852,1745.0,Fully Synchronized
37.47,Tools,30.0,Bin-599,1494.0,Fully Synchronized
303.82,Garden,52.0,Bin-436,1975.0,Fully Synchronized
272.88,Garden,96.0,Bin-791,1404.0,Fully Synchronized
194.84,Hardware,18.0,Bin-793,1147.0,Fully Synchronized
417.52,Hardware,27.0,Bin-572,1713.0,Fully Synchronized
245.46,Elec,76.0,Bin-8,1549.0,Fully Synchronized
125.67,Garden,10.0,Bin-652,1512.0,Fully Synchronized
450.63,Tools,63.0,Bin-142,1804.0,Fully Synchronized
463.57,Elec,,,1946.0,"In Accounting, Missing from WMS"
202.73,Tools,33.0,Bin-827,1540.0,Fully Synchronized
214.0,Hardware,78.0,Bin-828,1492.0,Fully Synchronized
314.8,Tools,64.0,Bin-834,1753.0,Fully Synchronized
27.22,Tools,6.0,Bin-67,1472.0,Fully Synchronized
450.43,Elec,69.0,Bin-514,1733.0,Fully Synchronized
93.64,Tools,41.0,Bin-7,1731.0,Fully Synchronized
83.65,Garden,98.0,Bin-315,1274.0,Fully Synchronized
481.32,Hardware,10.0,Bin-239,1556.0,Fully Synchronized
196.43,Hardware,29.0,Bin-940,1962.0,Fully Synchronized
250.14,Hardware,76.0,Bin-948,1953.0,Fully Synchronized
381.34,Garden,33.0,Bin-248,1183.0,Fully Synchronized
187.16,Tools,34.0,Bin-375,1156.0,Fully Synchronized
421.01,Tools,,,1748.0,"In Accounting, Missing from WMS"
472.6,Tools,27.0,Bin-119,1572.0,Fully Synchronized
166.68,Tools,0.0,Bin-4,1189.0,Fully Synchronized
245.34,Garden,89.0,Bin-931,1235.0,Fully Synchronized
411.56,Hardware,2.0,Bin-759,1900.0,Fully Synchronized
217.15,Garden,93.0,Bin-928,1623.0,Fully Synchronized
301.67,Elec,84.0,Bin-653,1325.0,Fully Synchronized
10.18,Tools,40.0,Bin-133,1351.0,Fully Synchronized
383.31,Tools,32.0,Bin-842,1474.0,Fully Synchronized
81.45,Hardware,78.0,Bin-224,1520.0,Fully Synchronized
25.18,Hardware,92.0,Bin-567,1928.0,Fully Synchronized
220.95,Tools,13.0,Bin-502,1258.0,Fully Synchronized
271.42,Elec,84.0,Bin-2,1410.0,Fully Synchronized
39.54,Garden,51.0,Bin-506,1217.0,Fully Synchronized
48.57,Elec,9.0,Bin-894,1102.0,Fully Synchronized
301.18,Hardware,70.0,Bin-746,1063.0,Fully Synchronized
46.13,Elec,15.0,Bin-118,1602.0,Fully Synchronized
341.65,Garden,22.0,Bin-397,1561.0,Fully Synchronized
366.48,Elec,50.0,Bin-449,1066.0,Fully Synchronized
219.95,Garden,30.0,Bin-818,1749.0,Fully Synchronized
134.78,Hardware,5.0,Bin-519,1206.0,Fully Synchronized
67.79,Garden,13.0,Bin-661,1394.0,Fully Synchronized
141.64,Hardware,57.0,Bin-944,1371.0,Fully Synchronized
487.18,Hardware,60.0,Bin-359,1034.0,Fully Synchronized
87.87,Hardware,4.0,Bin-851,1040.0,Fully Synchronized
215.1,Tools,86.0,Bin-196,1573.0,Fully Synchronized
286.48,Tools,23.0,Bin-647,1376.0,Fully Synchronized
370.89,Hardware,23.0,Bin-221,1282.0,Fully Synchronized
167.54,Garden,23.0,Bin-719,1467.0,Fully Synchronized
317.54,Tools,0.0,Bin-822,1326.0,Fully Synchronized
310.1,Garden,18.0,Bin-552,1466.0,Fully Synchronized
202.77,Elec,48.0,Bin-450,1689.0,Fully Synchronized
426.87,Tools,55.0,Bin-467,1951.0,Fully Synchronized
245.21,Hardware,92.0,Bin-310,1439.0,Fully Synchronized
319.49,Hardware,49.0,Bin-920,1991.0,Fully Synchronized
169.21,Tools,82.0,Bin-492,1232.0,Fully Synchronized
267.42,Elec,42.0,Bin-379,1363.0,Fully Synchronized
277.25,Garden,38.0,Bin-555,1654.0,Fully Synchronized
146.77,Elec,95.0,Bin-6,1801.0,Fully Synchronized
262.76,Tools,19.0,Bin-794,1560.0,Fully Synchronized
263.94,Elec,6.0,Bin-886,1941.0,Fully Synchronized
466.83,Hardware,81.0,Bin-872,1141.0,Fully Synchronized
20.26,Garden,55.0,Bin-143,1270.0,Fully Synchronized
387.91,Hardware,88.0,Bin-343,1116.0,Fully Synchronized
384.08,Hardware,62.0,Bin-167,1031.0,Fully Synchronized
478.15,Elec,70.0,Bin-360,1482.0,Fully Synchronized
224.26,Tools,30.0,Bin-810,1651.0,Fully Synchronized
202.97,Elec,11.0,Bin-756,1372.0,Fully Synchronized
335.99,Garden,34.0,Bin-557,1782.0,Fully Synchronized
79.94,Elec,61.0,Bin-581,1229.0,Fully Synchronized
421.58,Elec,70.0,Bin-725,1757.0,Fully Synchronized
249.86,Tools,91.0,Bin-367,1191.0,Fully Synchronized
309.71,Garden,5.0,Bin-452,1469.0,Fully Synchronized
252.6,Hardware,48.0,Bin-158,1784.0,Fully Synchronized
226.89,Garden,89.0,Bin-115,1218.0,Fully Synchronized
316.14,Elec,80.0,Bin-484,1793.0,Fully Synchronized
455.93,Hardware,43.0,Bin-190,1924.0,Fully Synchronized
219.36,Garden,54.0,Bin-434,1903.0,Fully Synchronized
294.79,Elec,54.0,Bin-765,1724.0,Fully Synchronized
492.69,Tools,49.0,Bin-840,1269.0,Fully Synchronized
16.9,Hardware,56.0,Bin-549,1263.0,Fully Synchronized
129.05,Elec,24.0,Bin-751,1889.0,Fully Synchronized
297.08,Garden,63.0,Bin-472,1551.0,Fully Synchronized
345.63,Elec,,,1378.0,"In Accounting, Missing from WMS"
489.6,Hardware,24.0,Bin-528,1610.0,Fully Synchronized
349.16,Elec,30.0,Bin-617,1543.0,Fully Synchronized
159.49,Elec,81.0,Bin-640,1290.0,Fully Synchronized
126.68,Tools,48.0,Bin-11,1907.0,Fully Synchronized
282.25,Garden,41.0,Bin-475,1167.0,Fully Synchronized
183.34,Garden,15.0,Bin-708,1944.0,Fully Synchronized
291.84,Garden,5.0,Bin-468,1603.0,Fully Synchronized
315.54,Elec,63.0,Bin-498,1144.0,Fully Synchronized
450.72,Garden,26.0,Bin-57,1335.0,Fully Synchronized
421.72,Tools,20.0,Bin-523,1629.0,Fully Synchronized
50.8,Garden,23.0,Bin-697,1215.0,Fully Synchronized
145.9,Garden,91.0,Bin-542,1430.0,Fully Synchronized
94.17,Garden,58.0,Bin-762,1807.0,Fully Synchronized
275.88,Tools,53.0,Bin-172,1919.0,Fully Synchronized
244.98,Garden,85.0,Bin-638,1940.0,Fully Synchronized
32.4,Elec,39.0,Bin-469,1324.0,Fully Synchronized
53.85,Garden,99.0,Bin-146,1619.0,Fully Synchronized
348.13,Tools,56.0,Bin-532,1524.0,Fully Synchronized
130.9,Elec,78.0,Bin-616,1772.0,Fully Synchronized
126.98,Tools,28.0,Bin-355,1666.0,Fully Synchronized
21.6,Hardware,26.0,Bin-405,1352.0,Fully Synchronized
253.78,Elec,68.0,Bin-446,1109.0,Fully Synchronized
481.33,Garden,38.0,Bin-780,1569.0,Fully Synchronized
274.66,Garden,74.0,Bin-188,1202.0,Fully Synchronized
27.72,Hardware,22.0,Bin-850,1916.0,Fully Synchronized
433.01,Garden,19.0,Bin-649,1017.0,Fully Synchronized
437.13,Tools,71.0,Bin-381,1090.0,Fully Synchronized
330.71,Elec,47.0,Bin-228,1923.0,Fully Synchronized
343.56,Elec,86.0,Bin-145,1791.0,Fully Synchronized
238.24,Hardware,35.0,Bin-9,1298.0,Fully Synchronized
150.59,Hardware,23.0,Bin-97,1981.0,Fully Synchronized
43.09,Elec,99.0,Bin-760,1266.0,Fully Synchronized
407.38,Hardware,17.0,Bin-148,1803.0,Fully Synchronized
159.1,Tools,56.0,Bin-612,1643.0,Fully Synchronized
136.22,Tools,66.0,Bin-377,1242.0,Fully Synchronized
216.32,Hardware,84.0,Bin-159,1968.0,Fully Synchronized
323.51,Elec,24.0,Bin-586,1631.0,Fully Synchronized
296.01,Tools,50.0,Bin-876,1515.0,Fully Synchronized
456.93,Elec,25.0,Bin-421,1499.0,Fully Synchronized
309.8,Garden,85.0,Bin-465,1074.0,Fully Synchronized
371.39,Elec,29.0,Bin-305,1538.0,Fully Synchronized
191.59,Garden,46.0,Bin-833,1718.0,Fully Synchronized
273.4,Garden,44.0,Bin-783,1455.0,Fully Synchronized
127.54,Tools,16.0,Bin-98,1105.0,Fully Synchronized
83.57,Hardware,40.0,Bin-594,1268.0,Fully Synchronized
276.95,Hardware,80.0,Bin-831,1845.0,Fully Synchronized
176.83,Garden,36.0,Bin-298,1204.0,Fully Synchronized
240.99,Hardware,79.0,Bin-748,1586.0,Fully Synchronized
403.93,Tools,0.0,Bin-331,1620.0,Fully Synchronized
172.09,Tools,29.0,Bin-214,1516.0,Fully Synchronized
80.27,Tools,3.0,Bin-739,1190.0,Fully Synchronized
158.72,Hardware,92.0,Bin-341,1054.0,Fully Synchronized
438.77,Elec,36.0,Bin-568,1595.0,Fully Synchronized
238.27,Tools,52.0,Bin-174,1093.0,Fully Synchronized
105.51,Tools,53.0,Bin-250,1842.0,Fully Synchronized
397.97,Garden,75.0,Bin-595,1245.0,Fully Synchronized
164.72,Hardware,24.0,Bin-773,1302.0,Fully Synchronized
330.29,Garden,77.0,Bin-495,1014.0,Fully Synchronized
252.1,Tools,14.0,Bin-168,1406.0,Fully Synchronized
255.56,Elec,55.0,Bin-129,1050.0,Fully Synchronized
423.73,Elec,9.0,Bin-603,1005.0,Fully Synchronized
271.4,Elec,54.0,Bin-64,1743.0,Fully Synchronized
202.78,Hardware,,,1769.0,"In Accounting, Missing from WMS"
158.0,Tools,22.0,Bin-646,1736.0,Fully Synchronized
316.76,Tools,58.0,Bin-264,1256.0,Fully Synchronized
204.99,Hardware,47.0,Bin-151,1433.0,Fully Synchronized
38.75,Garden,1.0,Bin-291,1599.0,Fully Synchronized
46.85,Hardware,57.0,Bin-249,1164.0,Fully Synchronized
46.78,Tools,82.0,Bin-433,1475.0,Fully Synchronized
369.25,Hardware,17.0,Bin-404,1576.0,Fully Synchronized
130.3,Tools,96.0,Bin-714,1011.0,Fully Synchronized
477.9,Elec,31.0,Bin-206,1392.0,Fully Synchronized
312.62,Elec,81.0,Bin-741,1616.0,Fully Synchronized
395.02,Tools,83.0,Bin-282,1124.0,Fully Synchronized
317.5,Tools,42.0,Bin-651,1722.0,Fully Synchronized
57.83,Tools,15.0,Bin-27,1739.0,Fully Synchronized
430.23,Tools,,,1637.0,"In Accounting, Missing from WMS"
96.14,Hardware,66.0,Bin-279,1622.0,Fully Synchronized
69.99,Hardware,28.0,Bin-494,1159.0,Fully Synchronized
480.65,Elec,98.0,Bin-33,1528.0,Fully Synchronized
336.07,Garden,39.0,Bin-949,1300.0,Fully Synchronized
24.34,Hardware,75.0,Bin-564,1938.0,Fully Synchronized
360.78,Hardware,68.0,Bin-932,1770.0,Fully Synchronized
308.33,Garden,73.0,Bin-284,1741.0,Fully Synchronized
384.22,Hardware,86.0,Bin-347,1837.0,Fully Synchronized
148.63,Garden,97.0,Bin-730,1458.0,Fully Synchronized
21.77,Garden,90.0,Bin-237,1416.0,Fully Synchronized
50.44,Garden,41.0,Bin-789,1526.0,Fully Synchronized
416.21,Garden,,,1986.0,"In Accounting, Missing from WMS"
180.25,Elec,49.0,Bin-726,1779.0,Fully Synchronized
155.81,Elec,60.0,Bin-684,1875.0,Fully Synchronized
365.88,Hardware,9.0,Bin-422,1213.0,Fully Synchronized
166.76,Tools,94.0,Bin-486,1933.0,Fully Synchronized
78.82,Elec,55.0,Bin-125,1386.0,Fully Synchronized
302.44,Elec,71.0,Bin-26,1762.0,Fully Synchronized
424.63,Elec,54.0,Bin-903,1071.0,Fully Synchronized
273.44,Tools,40.0,Bin-263,1698.0,Fully Synchronized
484.87,Hardware,40.0,Bin-812,1450.0,Fully Synchronized
474.03,Hardware,64.0,Bin-346,1851.0,Fully Synchronized
33.21,Garden,53.0,Bin-693,1246.0,Fully Synchronized
164.18,Tools,62.0,Bin-845,1390.0,Fully Synchronized
265.03,Garden,28.0,Bin-722,1852.0,Fully Synchronized
445.16,Tools,41.0,Bin-570,1448.0,Fully Synchronized
425.71,Hardware,15.0,Bin-786,1328.0,Fully Synchronized
443.72,Hardware,62.0,Bin-547,1774.0,Fully Synchronized
184.58,Elec,6.0,Bin-312,1407.0,Fully Synchronized
171.8,Tools,99.0,Bin-566,1154.0,Fully Synchronized
108.44,Tools,,,1029.0,"In Accounting, Missing from WMS"
386.8,Elec,65.0,Bin-943,1451.0,Fully Synchronized
345.64,Garden,5.0,Bin-681,1495.0,Fully Synchronized
364.02,Garden,34.0,Bin-297,1853.0,Fully Synchronized
259.03,Elec,44.0,Bin-431,1969.0,Fully Synchronized
339.55,Garden,9.0,Bin-45,1130.0,Fully Synchronized
370.49,Garden,79.0,Bin-668,1121.0,Fully Synchronized
463.86,Hardware,50.0,Bin-189,1711.0,Fully Synchronized
453.5,Tools,82.0,Bin-728,1067.0,Fully Synchronized
239.59,Garden,68.0,Bin-888,1527.0,Fully Synchronized
193.53,Tools,84.0,Bin-313,1813.0,Fully Synchronized
208.26,Hardware,21.0,Bin-660,1380.0,Fully Synchronized
417.91,Elec,72.0,Bin-865,1615.0,Fully Synchronized
26.53,Hardware,10.0,Bin-700,1699.0,Fully Synchronized
436.35,Tools,5.0,Bin-319,1288.0,Fully Synchronized
368.56,Tools,10.0,Bin-691,1884.0,Fully Synchronized
413.62,Elec,37.0,Bin-78,1161.0,Fully Synchronized
138.94,Tools,96.0,Bin-732,1369.0,Fully Synchronized
455.2,Garden,53.0,Bin-53,1826.0,Fully Synchronized
332.24,Hardware,70.0,Bin-358,1388.0,Fully Synchronized
16.54,Garden,,,1816.0,"In Accounting, Missing from WMS"
118.61,Hardware,37.0,Bin-439,1008.0,Fully Synchronized
287.86,Hardware,0.0,Bin-243,1278.0,Fully Synchronized
455.31,Tools,70.0,Bin-442,1667.0,Fully Synchronized
372.22,Elec,97.0,Bin-316,1035.0,Fully Synchronized
109.75,Hardware,30.0,Bin-456,1956.0,Fully Synchronized
417.69,Hardware,28.0,Bin-267,1237.0,Fully Synchronized
77.57,Hardware,66.0,Bin-608,1042.0,Fully Synchronized
473.78,Hardware,25.0,Bin-14,1868.0,Fully Synchronized
391.17,Hardware,30.0,Bin-340,1254.0,Fully Synchronized
181.1,Tools,98.0,Bin-420,1193.0,Fully Synchronized
122.92,Hardware,25.0,Bin-380,1655.0,Fully Synchronized
226.13,Tools,59.0,Bin-460,1379.0,Fully Synchronized
433.99,Hardware,81.0,Bin-49,1490.0,Fully Synchronized
37.7,Hardware,52.0,Bin-929,1134.0,Fully Synchronized
37.28,Garden,65.0,Bin-870,1976.0,Fully Synchronized
82.66,Hardware,68.0,Bin-912,1680.0,Fully Synchronized
385.49,Elec,17.0,Bin-19,1198.0,Fully Synchronized
309.82,Garden,50.0,Bin-729,1145.0,Fully Synchronized
171.77,Tools,63.0,Bin-826,1565.0,Fully Synchronized
32.82,Tools,23.0,Bin-895,1200.0,Fully Synchronized
136.93,Elec,77.0,Bin-156,1901.0,Fully Synchronized
288.96,Garden,11.0,Bin-205,1100.0,Fully Synchronized
442.84,Tools,7.0,Bin-553,1391.0,Fully Synchronized
89.36,Hardware,87.0,Bin-525,1921.0,Fully Synchronized
457.31,Tools,78.0,Bin-820,1984.0,Fully Synchronized
354.48,Elec,60.0,Bin-755,1223.0,Fully Synchronized
123.03,Hardware,3.0,Bin-573,1115.0,Fully Synchronized
178.52,Garden,80.0,Bin-246,1702.0,Fully Synchronized
342.88,Garden,7.0,Bin-255,1591.0,Fully Synchronized
200.8,Garden,76.0,Bin-424,1644.0,Fully Synchronized
343.04,Garden,4.0,Bin-339,1173.0,Fully Synchronized
127.47,Elec,65.0,Bin-901,1683.0,Fully Synchronized
137.39,Elec,2.0,Bin-878,1016.0,Fully Synchronized
134.49,Elec,10.0,Bin-176,1704.0,Fully Synchronized
470.5,Garden,74.0,Bin-529,1777.0,Fully Synchronized
240.42,Tools,4.0,Bin-736,1046.0,Fully Synchronized
158.92,Hardware,,,1581.0,"In Accounting, Missing from WMS"
318.69,Hardware,25.0,Bin-512,1866.0,Fully Synchronized
98.47,Garden,94.0,Bin-76,1588.0,Fully Synchronized
466.85,Hardware,79.0,Bin-435,1320.0,Fully Synchronized
80.43,Tools,63.0,Bin-46,1601.0,Fully Synchronized
465.57,Tools,98.0,Bin-177,1742.0,Fully Synchronized
413.51,Hardware,71.0,Bin-200,1261.0,Fully Synchronized
286.49,Elec,20.0,Bin-713,1932.0,Fully Synchronized
57.14,Tools,91.0,Bin-939,1465.0,Fully Synchronized
19.3,Garden,77.0,Bin-62,1150.0,Fully Synchronized
237.15,Tools,89.0,Bin-333,1578.0,Fully Synchronized
38.31,Elec,13.0,Bin-551,1661.0,Fully Synchronized
385.49,Hardware,40.0,Bin-103,1313.0,Fully Synchronized
310.86,Tools,48.0,Bin-448,1092.0,Fully Synchronized
349.57,Tools,23.0,Bin-311,1489.0,Fully Synchronized
297.86,Tools,,,1047.0,"In Accounting, Missing from WMS"
38.3,Tools,83.0,Bin-138,1226.0,Fully Synchronized
401.99,Garden,87.0,Bin-99,1891.0,Fully Synchronized
370.35,Garden,83.0,Bin-364,1508.0,Fully Synchronized
276.77,Elec,52.0,Bin-858,1652.0,Fully Synchronized
46.93,Elec,14.0,Bin-663,1513.0,Fully Synchronized
488.76,Elec,96.0,Bin-930,1906.0,Fully Synchronized
440.08,Tools,4.0,Bin-569,1377.0,Fully Synchronized
10.37,Elec,53.0,Bin-672,1656.0,Fully Synchronized
268.2,Tools,11.0,Bin-259,1299.0,Fully Synchronized
186.56,Garden,36.0,Bin-829,1408.0,Fully Synchronized
378.32,Tools,,,1176.0,"In Accounting, Missing from WMS"
263.86,Hardware,16.0,Bin-657,1295.0,Fully Synchronized
479.23,Tools,98.0,Bin-414,1374.0,Fully Synchronized
85.8,Elec,45.0,Bin-683,1112.0,Fully Synchronized
478.76,Tools,85.0,Bin-280,1657.0,Fully Synchronized
272.17,Garden,78.0,Bin-281,1764.0,Fully Synchronized
31.61,Elec,69.0,Bin-945,1248.0,Fully Synchronized
295.25,Tools,11.0,Bin-66,1810.0,Fully Synchronized
40.58,Elec,35.0,Bin-112,1872.0,Fully Synchronized
375.65,Garden,,,1596.0,"In Accounting, Missing from WMS"
57.37,Garden,,,1537.0,"In Accounting, Missing from WMS"
331.25,Garden,73.0,Bin-473,1344.0,Fully Synchronized
490.49,Elec,31.0,Bin-763,1905.0,Fully Synchronized
46.39,Garden,38.0,Bin-323,1155.0,Fully Synchronized
372.76,Elec,87.0,Bin-179,1627.0,Fully Synchronized
442.7,Tools,40.0,Bin-135,1554.0,Fully Synchronized
86.12,Tools,,,1525.0,"In Accounting, Missing from WMS"
460.63,Garden,65.0,Bin-326,1163.0,Fully Synchronized
23.27,Elec,65.0,Bin-21,1243.0,Fully Synchronized
228.03,Elec,18.0,Bin-491,1470.0,Fully Synchronized
59.83,Elec,72.0,Bin-173,1579.0,Fully Synchronized
313.25,Hardware,84.0,Bin-824,1847.0,Fully Synchronized
430.87,Elec,89.0,Bin-618,1106.0,Fully Synchronized
185.39,Garden,49.0,Bin-292,1542.0,Fully Synchronized
245.08,Tools,41.0,Bin-252,1729.0,Fully Synchronized
206.37,Elec,59.0,Bin-879,1621.0,Fully Synchronized
61.09,Hardware,90.0,Bin-686,1855.0,Fully Synchronized
412.45,Tools,63.0,Bin-29,1773.0,Fully Synchronized
339.63,Garden,15.0,Bin-336,1260.0,Fully Synchronized
110.07,Elec,76.0,Bin-813,1070.0,Fully Synchronized
365.8,Garden,16.0,Bin-839,1949.0,Fully Synchronized
374.29,Tools,98.0,Bin-801,1373.0,Fully Synchronized
251.73,Hardware,18.0,Bin-202,1322.0,Fully Synchronized
281.44,Elec,51.0,Bin-655,1411.0,Fully Synchronized
217.65,Hardware,92.0,Bin-717,1199.0,Fully Synchronized
147.13,Elec,49.0,Bin-775,1281.0,Fully Synchronized
50.94,Hardware,87.0,Bin-662,1305.0,Fully Synchronized
37.52,Elec,25.0,Bin-705,1491.0,Fully Synchronized
265.49,Hardware,33.0,Bin-36,1478.0,Fully Synchronized
321.27,Garden,77.0,Bin-412,1712.0,Fully Synchronized
255.35,Tools,39.0,Bin-909,1879.0,Fully Synchronized
305.01,Garden,,,1443.0,"In Accounting, Missing from WMS"
41.0,Elec,96.0,Bin-93,1685.0,Fully Synchronized
352.32,Garden,,,1918.0,"In Accounting, Missing from WMS"
199.74,Garden,11.0,Bin-366,1308.0,Fully Synchronized
39.41,Tools,64.0,Bin-325,1053.0,Fully Synchronized
157.8,Tools,,,1049.0,"In Accounting, Missing from WMS"
454.43,Elec,55.0,Bin-192,1625.0,Fully Synchronized
239.63,Tools,93.0,Bin-184,1503.0,Fully Synchronized
58.66,Elec,12.0,Bin-517,1059.0,Fully Synchronized
142.14,Elec,76.0,Bin-170,1417.0,Fully Synchronized
150.8,Garden,89.0,Bin-43,1502.0,Fully Synchronized
411.16,Tools,53.0,Bin-108,1304.0,Fully Synchronized
339.62,Elec,85.0,Bin-637,1353.0,Fully Synchronized
295.1,Tools,79.0,Bin-266,1107.0,Fully Synchronized
143.19,Garden,,,1382.0,"In Accounting, Missing from WMS"
199.04,Hardware,2.0,Bin-584,1660.0,Fully Synchronized
214.64,Elec,46.0,Bin-12,1833.0,Fully Synchronized
355.92,Elec,24.0,Bin-294,1963.0,Fully Synchronized
462.78,Garden,6.0,Bin-505,1787.0,Fully Synchronized
449.42,Tools,80.0,Bin-871,1664.0,Fully Synchronized
79.57,Hardware,37.0,Bin-222,1006.0,Fully Synchronized
260.82,Tools,87.0,Bin-738,1209.0,Fully Synchronized
230.45,Elec,79.0,Bin-283,1240.0,Fully Synchronized
395.6,Hardware,38.0,Bin-787,1693.0,Fully Synchronized
355.72,Tools,54.0,Bin-321,1812.0,Fully Synchronized
480.76,Hardware,51.0,Bin-285,1037.0,Fully Synchronized
367.12,Garden,20.0,Bin-585,1997.0,Fully Synchronized
54.24,Hardware,78.0,Bin-47,1022.0,Fully Synchronized
39.22,Elec,29.0,Bin-731,1103.0,Fully Synchronized
167.02,Hardware,81.0,Bin-539,1364.0,Fully Synchronized
103.38,Garden,18.0,Bin-229,1734.0,Fully Synchronized
217.82,Tools,31.0,Bin-153,1381.0,Fully Synchronized
158.81,Hardware,76.0,Bin-244,1768.0,Fully Synchronized
396.18,Garden,62.0,Bin-275,1181.0,Fully Synchronized
435.67,Elec,76.0,Bin-743,1927.0,Fully Synchronized
150.08,Tools,33.0,Bin-258,1172.0,Fully Synchronized
421.92,Hardware,47.0,Bin-24,1942.0,Fully Synchronized
453.77,Tools,4.0,Bin-576,1309.0,Fully Synchronized
252.04,Tools,73.0,Bin-161,1632.0,Fully Synchronized
468.2,Tools,86.0,Bin-376,1306.0,Fully Synchronized
473.6,Tools,97.0,Bin-921,1668.0,Fully Synchronized
10.81,Tools,73.0,Bin-383,1024.0,Fully Synchronized
446.27,Tools,1.0,Bin-104,1039.0,Fully Synchronized
222.37,Tools,14.0,Bin-351,1971.0,Fully Synchronized
278.73,Elec,79.0,Bin-354,1911.0,Fully Synchronized
483.7,Tools,30.0,Bin-194,1673.0,Fully Synchronized
204.9,Garden,47.0,Bin-3,1032.0,Fully Synchronized
78.98,Hardware,17.0,Bin-667,1431.0,Fully Synchronized
96.7,Garden,81.0,Bin-805,1870.0,Fully Synchronized
244.55,Garden,21.0,Bin-744,1076.0,Fully Synchronized
114.41,Hardware,99.0,Bin-574,1819.0,Fully Synchronized
208.79,Tools,73.0,Bin-464,1340.0,Fully Synchronized
355.62,Hardware,63.0,Bin-898,1169.0,Fully Synchronized
84.31,Elec,26.0,Bin-676,1276.0,Fully Synchronized
92.1,Elec,85.0,Bin-409,1841.0,Fully Synchronized
202.95,Hardware,,,1038.0,"In Accounting, Missing from WMS"
471.55,Hardware,65.0,Bin-720,1857.0,Fully Synchronized
113.64,Elec,65.0,Bin-781,1714.0,Fully Synchronized
463.63,Hardware,19.0,Bin-480,1072.0,Fully Synchronized
107.36,Tools,95.0,Bin-288,1174.0,Fully Synchronized
329.66,Hardware,7.0,Bin-80,1239.0,Fully Synchronized
113.64,Elec,82.0,Bin-911,1687.0,Fully Synchronized
181.57,Garden,64.0,Bin-309,1002.0,Fully Synchronized
482.31,Garden,39.0,Bin-485,1824.0,Fully Synchronized
410.92,Garden,85.0,Bin-914,1397.0,Fully Synchronized
458.78,Hardware,34.0,Bin-767,1222.0,Fully Synchronized
197.82,Tools,,,1487.0,"In Accounting, Missing from WMS"
428.95,Hardware,93.0,Bin-489,1194.0,Fully Synchronized
20.77,Hardware,82.0,Bin-230,1058.0,Fully Synchronized
284.36,Elec,97.0,Bin-860,1227.0,Fully Synchronized
468.16,Hardware,65.0,Bin-800,1979.0,Fully Synchronized
321.93,Garden,9.0,Bin-654,1710.0,Fully Synchronized
32.5,Garden,20.0,Bin-889,1464.0,Fully Synchronized
189.63,Garden,45.0,Bin-699,1480.0,Fully Synchronized
321.52,Tools,66.0,Bin-922,1639.0,Fully Synchronized
247.75,Elec,44.0,Bin-105,1675.0,Fully Synchronized
496.82,Garden,51.0,Bin-320,1484.0,Fully Synchronized
387.0,Garden,84.0,Bin-925,1357.0,Fully Synchronized
214.49,Hardware,60.0,Bin-892,1998.0,Fully Synchronized
339.61,Tools,8.0,Bin-761,1692.0,Fully Synchronized
219.41,Tools,92.0,Bin-694,1082.0,Fully Synchronized
429.98,Garden,98.0,Bin-770,1977.0,Fully Synchronized
58.91,Tools,2.0,Bin-327,1188.0,Fully Synchronized
60.34,Hardware,31.0,Bin-332,1026.0,Fully Synchronized
183.51,Garden,49.0,Bin-274,1690.0,Fully Synchronized
359.47,Tools,32.0,Bin-225,1766.0,Fully Synchronized
411.71,Elec,25.0,Bin-918,1830.0,Fully Synchronized
159.47,Tools,13.0,Bin-338,1015.0,Fully Synchronized
209.41,Garden,20.0,Bin-287,1695.0,Fully Synchronized
249.31,Tools,25.0,Bin-426,1553.0,Fully Synchronized
253.63,Tools,98.0,Bin-853,1142.0,Fully Synchronized
40.47,Elec,61.0,Bin-493,1584.0,Fully Synchronized
193.88,Hardware,40.0,Bin-604,1244.0,Fully Synchronized
83.38,Tools,24.0,Bin-880,1674.0,Fully Synchronized
389.38,Tools,14.0,Bin-487,1877.0,Fully Synchronized
371.18,Hardware,98.0,Bin-251,1994.0,Fully Synchronized
260.5,Tools,57.0,Bin-407,1081.0,Fully Synchronized
230.09,Garden,15.0,Bin-804,1926.0,Fully Synchronized
49.51,Garden,4.0,Bin-314,1224.0,Fully Synchronized
237.05,Hardware,21.0,Bin-571,1435.0,Fully Synchronized
406.79,Hardware,90.0,Bin-806,1205.0,Fully Synchronized
133.23,Elec,71.0,Bin-619,1557.0,Fully Synchronized
489.34,Hardware,89.0,Bin-591,1284.0,Fully Synchronized
168.79,Hardware,,,1966.0,"In Accounting, Missing from WMS"
321.03,Tools,54.0,Bin-109,1989.0,Fully Synchronized
107.9,Elec,65.0,Bin-411,1330.0,Fully Synchronized
249.34,Tools,22.0,Bin-13,1252.0,Fully Synchronized
127.52,Elec,7.0,Bin-835,1332.0,Fully Synchronized
25.12,Garden,19.0,Bin-582,1880.0,Fully Synchronized
274.97,Hardware,40.0,Bin-541,1395.0,Fully Synchronized
48.56,Garden,89.0,Bin-349,1694.0,Fully Synchronized
124.04,Tools,40.0,Bin-788,1917.0,Fully Synchronized
193.58,Garden,89.0,Bin-707,1831.0,Fully Synchronized
432.93,Hardware,78.0,Bin-155,1429.0,Fully Synchronized
348.87,Tools,3.0,Bin-302,1418.0,Fully Synchronized
263.93,Garden,66.0,Bin-478,1696.0,Fully Synchronized
383.62,Hardware,56.0,Bin-59,1993.0,Fully Synchronized
32.16,Tools,49.0,Bin-750,1427.0,Fully Synchronized
92.67,Hardware,50.0,Bin-520,1384.0,Fully Synchronized
481.78,Garden,77.0,Bin-10,1195.0,Fully Synchronized
360.62,Tools,38.0,Bin-718,1539.0,Fully Synchronized
27.36,Garden,44.0,Bin-816,1182.0,Fully Synchronized
199.25,Elec,36.0,Bin-527,1293.0,Fully Synchronized
220.17,Hardware,47.0,Bin-212,1264.0,Fully Synchronized
253.24,Hardware,84.0,Bin-186,1547.0,Fully Synchronized
470.79,Tools,24.0,Bin-856,1965.0,Fully Synchronized
384.96,Hardware,71.0,Bin-496,1000.0,Fully Synchronized
458.64,Hardware,30.0,Bin-578,1728.0,Fully Synchronized
411.9,Garden,66.0,Bin-677,1936.0,Fully Synchronized
37.32,Tools,33.0,Bin-113,1647.0,Fully Synchronized
299.92,Elec,90.0,Bin-703,1820.0,Fully Synchronized
429.55,Garden,25.0,Bin-896,1567.0,Fully Synchronized
304.08,Elec,13.0,Bin-363,1393.0,Fully Synchronized
432.96,Tools,14.0,Bin-317,1279.0,Fully Synchronized
237.4,Tools,39.0,Bin-441,1705.0,Fully Synchronized
396.14,Tools,,,1797.0,"In Accounting, Missing from WMS"
279.47,Hardware,3.0,Bin-201,1117.0,Fully Synchronized
131.56,Tools,8.0,Bin-126,1996.0,Fully Synchronized
257.34,Hardware,,,1221.0,"In Accounting, Missing from WMS"
193.6,Elec,42.0,Bin-915,1175.0,Fully Synchronized
309.25,Tools,69.0,Bin-444,1061.0,Fully Synchronized
28.68,Garden,4.0,Bin-923,1329.0,Fully Synchronized
29.25,Tools,97.0,Bin-459,1973.0,Fully Synchronized
270.08,Tools,35.0,Bin-84,1913.0,Fully Synchronized
160.2,Garden,79.0,Bin-245,1775.0,Fully Synchronized
337.09,Hardware,45.0,Bin-671,1045.0,Fully Synchronized
475.18,Tools,84.0,Bin-734,1471.0,Fully Synchronized
146.28,Tools,49.0,Bin-164,1301.0,Fully Synchronized
444.59,Hardware,64.0,Bin-544,1883.0,Fully Synchronized
302.84,Tools,88.0,Bin-550,1925.0,Fully Synchronized
324.51,Elec,74.0,Bin-100,1434.0,Fully Synchronized
377.07,Elec,75.0,Bin-430,1952.0,Fully Synchronized
328.87,Tools,42.0,Bin-445,1044.0,Fully Synchronized
134.71,Hardware,64.0,Bin-54,1148.0,Fully Synchronized
84.89,Hardware,51.0,Bin-678,1432.0,Fully Synchronized
246.55,Hardware,32.0,Bin-511,1119.0,Fully Synchronized
228.86,Elec,47.0,Bin-642,1219.0,Fully Synchronized
12.0,Elec,29.0,Bin-862,1935.0,Fully Synchronized
24.43,Garden,97.0,Bin-127,1483.0,Fully Synchronized
46.81,Garden,76.0,Bin-458,1825.0,Fully Synchronized
454.15,Garden,65.0,Bin-268,1132.0,Fully Synchronized
106.21,Garden,34.0,Bin-621,1023.0,Fully Synchronized
256.58,Garden,99.0,Bin-938,1214.0,Fully Synchronized
355.24,Tools,0.0,Bin-210,1211.0,Fully Synchronized
226.04,Tools,57.0,Bin-580,1068.0,Fully Synchronized
201.87,Garden,3.0,Bin-531,1355.0,Fully Synchronized
198.09,Elec,19.0,Bin-535,1171.0,Fully Synchronized
454.36,Elec,80.0,Bin-562,1688.0,Fully Synchronized
203.88,Tools,20.0,Bin-372,1259.0,Fully Synchronized
57.37,Hardware,75.0,Bin-428,1065.0,Fully Synchronized
216.7,Elec,34.0,Bin-0,1087.0,Fully Synchronized
290.6,Garden,15.0,Bin-747,1755.0,Fully Synchronized
39.27,Tools,40.0,Bin-289,1098.0,Fully Synchronized
484.53,Garden,17.0,Bin-799,1346.0,Fully Synchronized
433.33,Hardware,89.0,Bin-907,1726.0,Fully Synchronized
365.59,Elec,26.0,Bin-70,1426.0,Fully Synchronized
444.88,Elec,18.0,Bin-163,1030.0,Fully Synchronized
452.12,Hardware,77.0,Bin-171,1756.0,Fully Synchronized
439.0,Hardware,58.0,Bin-102,1126.0,Fully Synchronized
304.4,Elec,25.0,Bin-136,1568.0,Fully Synchronized
311.46,Tools,25.0,Bin-771,1272.0,Fully Synchronized
45.88,Elec,4.0,Bin-79,1365.0,Fully Synchronized
329.4,Garden,22.0,Bin-633,1110.0,Fully Synchronized
260.52,Garden,,,1027.0,"In Accounting, Missing from WMS"
402.9,Elec,63.0,Bin-823,1848.0,Fully Synchronized
360.28,Tools,15.0,Bin-873,1089.0,Fully Synchronized
427.84,Garden,5.0,Bin-626,1048.0,Fully Synchronized
365.73,Garden,37.0,Bin-81,1730.0,Fully Synchronized
297.44,Elec,9.0,Bin-423,1721.0,Fully Synchronized
25.69,Garden,59.0,Bin-724,1210.0,Fully Synchronized
110.08,Elec,6.0,Bin-207,1636.0,Fully Synchronized
107.82,Hardware,90.0,Bin-723,1415.0,Fully Synchronized
36.75,Elec,,,1113.0,"In Accounting, Missing from WMS"
377.06,Garden,,,1849.0,"In Accounting, Missing from WMS"
126.61,Tools,61.0,Bin-89,1859.0,Fully Synchronized
306.63,Elec,91.0,Bin-849,1334.0,Fully Synchronized
482.84,Tools,30.0,Bin-181,1715.0,Fully Synchronized
364.74,Garden,97.0,Bin-648,1611.0,Fully Synchronized
187.25,Hardware,11.0,Bin-236,1716.0,Fully Synchronized
204.96,Elec,79.0,Bin-937,1670.0,Fully Synchronized
337.47,Tools,83.0,Bin-758,1638.0,Fully Synchronized
86.58,Hardware,84.0,Bin-374,1333.0,Fully Synchronized
26.5,Elec,14.0,Bin-819,1684.0,Fully Synchronized
129.35,Garden,9.0,Bin-453,1255.0,Fully Synchronized
444.29,Tools,0.0,Bin-742,1781.0,Fully Synchronized
253.8,Elec,14.0,Bin-522,1876.0,Fully Synchronized
13.89,Garden,12.0,Bin-515,1073.0,Fully Synchronized
317.28,Garden,69.0,Bin-490,1806.0,Fully Synchronized
347.96,Tools,57.0,Bin-330,1501.0,Fully Synchronized
317.16,Hardware,99.0,Bin-17,1794.0,Fully Synchronized
86.83,Garden,1.0,Bin-92,1247.0,Fully Synchronized
211.76,Hardware,85.0,Bin-628,1752.0,Fully Synchronized
358.63,Garden,6.0,Bin-499,1231.0,Fully Synchronized
497.78,Tools,,,1988.0,"In Accounting, Missing from WMS"
305.85,Elec,97.0,Bin-260,1789.0,Fully Synchronized
230.47,Elec,8.0,Bin-71,1080.0,Fully Synchronized
442.27,Garden,82.0,Bin-927,1088.0,Fully Synchronized
139.88,Elec,25.0,Bin-88,1389.0,Fully Synchronized
107.06,Tools,63.0,Bin-387,1612.0,Fully Synchronized
66.77,Hardware,79.0,Bin-197,1143.0,Fully Synchronized
239.22,Garden,64.0,Bin-857,1834.0,Fully Synchronized
446.83,Garden,92.0,Bin-881,1609.0,Fully Synchronized
206.79,Garden,73.0,Bin-385,1318.0,Fully Synchronized
267.94,Elec,99.0,Bin-757,1672.0,Fully Synchronized
455.71,Garden,52.0,Bin-848,1125.0,Fully Synchronized
101.62,Garden,,,1468.0,"In Accounting, Missing from WMS"
294.8,Hardware,86.0,Bin-75,1894.0,Fully Synchronized
391.12,Garden,1.0,Bin-122,1562.0,Fully Synchronized
244.22,Garden,34.0,Bin-91,1829.0,Fully Synchronized
60.83,Elec,78.0,Bin-782,1267.0,Fully Synchronized
125.15,Garden,93.0,Bin-301,1096.0,Fully Synchronized
352.24,Garden,8.0,Bin-838,1799.0,Fully Synchronized
91.6,Tools,20.0,Bin-398,1546.0,Fully Synchronized
265.59,Garden,91.0,Bin-337,1446.0,Fully Synchronized
12.42,Hardware,74.0,Bin-764,1013.0,Fully Synchronized
181.88,Tools,90.0,Bin-191,1249.0,Fully Synchronized
103.68,Elec,54.0,Bin-537,1452.0,Fully Synchronized
63.28,Hardware,81.0,Bin-353,1236.0,Fully Synchronized
40.59,Hardware,73.0,Bin-463,1075.0,Fully Synchronized
349.85,Elec,29.0,Bin-416,1120.0,Fully Synchronized
315.51,Tools,64.0,Bin-623,1412.0,Fully Synchronized
106.63,Tools,28.0,Bin-798,1079.0,Fully Synchronized
189.98,Elec,97.0,Bin-891,1815.0,Fully Synchronized
320.02,Tools,26.0,Bin-792,1814.0,Fully Synchronized
280.31,Garden,56.0,Bin-508,1746.0,Fully Synchronized
35.04,Tools,15.0,Bin-28,1060.0,Fully Synchronized
414.46,Tools,95.0,Bin-847,1832.0,Fully Synchronized
35.18,Garden,62.0,Bin-185,1706.0,Fully Synchronized
294.59,Garden,85.0,Bin-35,1208.0,Fully Synchronized
17.96,Tools,56.0,Bin-395,1776.0,Fully Synchronized
139.56,Elec,92.0,Bin-34,1506.0,Fully Synchronized
41.07,Hardware,81.0,Bin-457,1686.0,Fully Synchronized
212.93,Tools,63.0,Bin-624,1166.0,Fully Synchronized
99.35,Hardware,68.0,Bin-150,1238.0,Fully Synchronized
434.53,Elec,37.0,Bin-913,1858.0,Fully Synchronized
375.57,Tools,40.0,Bin-270,1805.0,Fully Synchronized
196.85,Elec,4.0,Bin-116,1999.0,Fully Synchronized
217.33,Tools,71.0,Bin-253,1541.0,Fully Synchronized
374.15,Elec,88.0,Bin-910,1648.0,Fully Synchronized
444.46,Garden,55.0,Bin-533,1659.0,Fully Synchronized
122.29,Garden,25.0,Bin-68,1838.0,Fully Synchronized
313.66,Hardware,74.0,Bin-42,1197.0,Fully Synchronized
320.87,Hardware,23.0,Bin-308,1421.0,Fully Synchronized
157.69,Elec,67.0,Bin-752,1701.0,Fully Synchronized
29.5,Garden,20.0,Bin-44,1338.0,Fully Synchronized
342.71,Hardware,4.0,Bin-844,1835.0,Fully Synchronized
24.23,Hardware,56.0,Bin-217,1423.0,Fully Synchronized
274.05,Elec,74.0,Bin-300,1140.0,Fully Synchronized
456.14,Hardware,3.0,Bin-554,1133.0,Fully Synchronized
237.83,Elec,69.0,Bin-899,1043.0,Fully Synchronized
202.51,Garden,32.0,Bin-415,1153.0,Fully Synchronized
497.4,Hardware,49.0,Bin-622,1862.0,Fully Synchronized
312.16,Tools,6.0,Bin-257,1111.0,Fully Synchronized
279.83,Elec,37.0,Bin-702,1895.0,Fully Synchronized
66.46,Elec,47.0,Bin-808,1582.0,Fully Synchronized
335.51,Elec,7.0,Bin-665,1064.0,Fully Synchronized
,,62.0,Bin-16,1160.0,"In WMS, Missing from Accounting"
,,73.0,Bin-20,1577.0,"In WMS, Missing from Accounting"
,,46.0,Bin-23,1233.0,"In WMS, Missing from Accounting"
,,21.0,Bin-32,1366.0,"In WMS, Missing from Accounting"
,,59.0,Bin-48,1878.0,"In WMS, Missing from Accounting"
,,79.0,Bin-50,1101.0,"In WMS, Missing from Accounting"
,,5.0,Bin-74,1860.0,"In WMS, Missing from Accounting"
,,39.0,Bin-106,1178.0,"In WMS, Missing from Accounting"
,,25.0,Bin-130,1196.0,"In WMS, Missing from Accounting"
,,32.0,Bin-134,1682.0,"In WMS, Missing from Accounting"
,,4.0,Bin-182,1747.0,"In WMS, Missing from Accounting"
,,41.0,Bin-211,1754.0,"In WMS, Missing from Accounting"
,,41.0,Bin-215,1585.0,"In WMS, Missing from Accounting"
,,47.0,Bin-240,1709.0,"In WMS, Missing from Accounting"
,,18.0,Bin-254,1476.0,"In WMS, Missing from Accounting"
,,8.0,Bin-271,1987.0,"In WMS, Missing from Accounting"
,,17.0,Bin-272,1185.0,"In WMS, Missing from Accounting"
,,69.0,Bin-296,1771.0,"In WMS, Missing from Accounting"
,,71.0,Bin-304,1228.0,"In WMS, Missing from Accounting"
,,84.0,Bin-373,1740.0,"In WMS, Missing from Accounting"
,,74.0,Bin-382,1230.0,"In WMS, Missing from Accounting"
,,37.0,Bin-384,1157.0,"In WMS, Missing from Accounting"
,,63.0,Bin-393,1904.0,"In WMS, Missing from Accounting"
,,35.0,Bin-406,1679.0,"In WMS, Missing from Accounting"
,,63.0,Bin-437,1118.0,"In WMS, Missing from Accounting"
,,47.0,Bin-438,1385.0,"In WMS, Missing from Accounting"
,,52.0,Bin-454,1003.0,"In WMS, Missing from Accounting"
,,97.0,Bin-479,1367.0,"In WMS, Missing from Accounting"
,,83.0,Bin-483,1078.0,"In WMS, Missing from Accounting"
,,76.0,Bin-497,1422.0,"In WMS, Missing from Accounting"
,,71.0,Bin-500,1317.0,"In WMS, Missing from Accounting"
,,74.0,Bin-504,1778.0,"In WMS, Missing from Accounting"
,,26.0,Bin-558,1413.0,"In WMS, Missing from Accounting"
,,15.0,Bin-598,1253.0,"In WMS, Missing from Accounting"
,,37.0,Bin-607,1523.0,"In WMS, Missing from Accounting"
,,7.0,Bin-630,1725.0,"In WMS, Missing from Accounting"
,,51.0,Bin-631,1642.0,"In WMS, Missing from Accounting"
,,93.0,Bin-635,1909.0,"In WMS, Missing from Accounting"
,,10.0,Bin-669,1383.0,"In WMS, Missing from Accounting"
,,66.0,Bin-673,1345.0,"In WMS, Missing from Accounting"
,,84.0,Bin-687,1312.0,"In WMS, Missing from Accounting"
,,54.0,Bin-716,1360.0,"In WMS, Missing from Accounting"
,,58.0,Bin-733,1337.0,"In WMS, Missing from Accounting"
,,3.0,Bin-854,1257.0,"In WMS, Missing from Accounting"
,,55.0,Bin-863,1025.0,"In WMS, Missing from Accounting"
,,8.0,Bin-904,1990.0,"In WMS, Missing from Accounting"
,,15.0,Bin-933,1959.0,"In WMS, Missing from Accounting"
